REVEAL__blur_euclidean,LRP__blur_euclidean,Same_Classification__blur,REVEAL__gausian_small_normal_euclidean,LRP__gausian_small_normal_euclidean,Same_Classification__gausian_small_normal,REVEAL__small_uniform_euclidean,LRP__small_uniform_euclidean,Same_Classification__small_uniform,REVEAL__big_uniform_euclidean,LRP__big_uniform_euclidean,Same_Classification__big_uniform,REVEAL__gausian_big_normal_euclidean,LRP__gausian_big_normal_euclidean,Same_Classification__gausian_big_normal,REVEAL__big_blur_euclidean,LRP__big_blur_euclidean,Same_Classification__big_blur
0.0006311172235357,0.001722742896743,True,,,,,,,,,,,,,,,
,,,0.0001964569593207,0.0006139279451303,True,,,,,,,,,,,,
,,,,,,0.0003064899371728,0.0007361702999004,True,,,,,,,,,
,,,,,,,,,0.0023145594518535,0.0050338350920077,True,,,,,,
,,,,,,,,,,,,0.0006195379037737,0.003685099503066,True,,,
,,,,,,,,,,,,,,,0.0002033928677507,0.0052487134389403,True
0.000903661305139,0.0017942209298067,True,,,,,,,,,,,,,,,
,,,0.0008773193077129,0.0003391433519605,True,,,,,,,,,,,,
,,,,,,0.000502967256988,0.0009852654881708,True,,,,,,,,,
,,,,,,,,,0.0037982488056772,0.0077126709446784,False,,,,,,
,,,,,,,,,,,,0.0013171137546574,0.002836867207071,True,,,
,,,,,,,,,,,,,,,0.0025056881445873,0.004354460747117,False
0.0003441458067192,0.0008922313953516,True,,,,,,,,,,,,,,,
,,,0.0001774254102929,0.0005232676361361,True,,,,,,,,,,,,
,,,,,,0.0001702970055442,0.0005849611814741,True,,,,,,,,,
,,,,,,,,,0.0026257123111728,0.0057763745367864,False,,,,,,
,,,,,,,,,,,,0.0004586845176776,0.0038333253168236,False,,,
,,,,,,,,,,,,,,,0.0014324526336802,0.0026750650553614,True
0.0008260141575776,0.0009862521335011,True,,,,,,,,,,,,,,,
,,,0.0002884890790455,0.0006370811504612,True,,,,,,,,,,,,
,,,,,,0.0002349398348281,0.0010844886548745,True,,,,,,,,,
,,,,,,,,,0.0019222058107274,0.0069998326653092,False,,,,,,
,,,,,,,,,,,,0.002025924604302,0.0032559922380334,True,,,
,,,,,,,,,,,,,,,0.0015774130991196,0.002587175651581,True
0.0005197343651174,0.0018857149379796,False,,,,,,,,,,,,,,,
,,,0.0005453960365131,0.0006207061169472,True,,,,,,,,,,,,
,,,,,,0.0006457029886761,0.0010184116751462,False,,,,,,,,,
,,,,,,,,,0.0040461722740632,0.0063043694350928,False,,,,,,
,,,,,,,,,,,,0.0010520062418638,0.0033296778214954,False,,,
,,,,,,,,,,,,,,,0.0026392695405346,0.0068667849078231,False
0.0006887743913034,0.0028552292569997,False,,,,,,,,,,,,,,,
,,,4.9469189903249576e-05,0.0005064519336009,True,,,,,,,,,,,,
,,,,,,0.0001473057503882,0.0015176602398119,True,,,,,,,,,
,,,,,,,,,0.0007723103421534,0.0115787253571553,False,,,,,,
,,,,,,,,,,,,0.0006110617833454,0.0050808282721898,False,,,
,,,,,,,,,,,,,,,0.001265235236091,0.008354319872159,False
0.0007114749817109,0.0024470544817324,True,,,,,,,,,,,,,,,
,,,0.0005236325449952,0.0004934783688529,True,,,,,,,,,,,,
,,,,,,0.0004949930206606,0.0011351981263527,True,,,,,,,,,
,,,,,,,,,0.003784541403442,0.007801986348547,False,,,,,,
,,,,,,,,,,,,0.0008222970381497,0.0032775698051997,True,,,
,,,,,,,,,,,,,,,0.0040336234049948,0.0067624172061814,False
0.0006386743746604,0.0009793979596354,True,,,,,,,,,,,,,,,
,,,0.000559843151014,0.0005518960138266,True,,,,,,,,,,,,
,,,,,,0.0006094096686956,0.0006731840542845,True,,,,,,,,,
,,,,,,,,,0.0046502831294411,0.0049701254830374,False,,,,,,
,,,,,,,,,,,,0.0013198306741118,0.0026747700868191,True,,,
,,,,,,,,,,,,,,,0.0012316889165853,0.0030686915376385,False
0.0008715134347023,0.0015115652002521,True,,,,,,,,,,,,,,,
,,,0.0005220199794097,0.0006458123455984,True,,,,,,,,,,,,
,,,,,,0.0011231728949427,0.0021679198755818,False,,,,,,,,,
,,,,,,,,,0.0031550228677554,0.0079185873958029,False,,,,,,
,,,,,,,,,,,,0.0015183435515834,0.0034566858129849,False,,,
,,,,,,,,,,,,,,,0.00167861730113,0.0042780255806359,True
0.0001116207713425,0.0006767107845377,True,,,,,,,,,,,,,,,
,,,0.0006359530596183,0.0005832535246078,True,,,,,,,,,,,,
,,,,,,0.0009728323445103,0.0021039940355857,True,,,,,,,,,
,,,,,,,,,0.0031895879670111,0.0079659186322225,False,,,,,,
,,,,,,,,,,,,0.000421105232639,0.0033910719276333,True,,,
,,,,,,,,,,,,,,,0.000116076952389,0.002089582915578,False
0.0003392954931711,0.0013185156103959,True,,,,,,,,,,,,,,,
,,,0.0003537155432108,0.0006692240836865,True,,,,,,,,,,,,
,,,,,,0.0003092654637229,0.0016637338379212,True,,,,,,,,,
,,,,,,,,,0.0023309599697187,0.0062356191425824,False,,,,,,
,,,,,,,,,,,,0.0005689422123235,0.002969101812328,True,,,
,,,,,,,,,,,,,,,0.0013910562432819,0.0042181210290512,False
0.0004815438148638,0.0016548999629982,True,,,,,,,,,,,,,,,
,,,0.0004158771905093,0.0003978999212058,True,,,,,,,,,,,,
,,,,,,0.000553831449097,0.0015444991539818,True,,,,,,,,,
,,,,,,,,,0.0042319381305503,0.0076987973744725,False,,,,,,
,,,,,,,,,,,,0.0002143292860365,0.0029478952924001,True,,,
,,,,,,,,,,,,,,,0.0029510668250845,0.0046655043596324,True
0.0002759155032163,0.0015233006948874,True,,,,,,,,,,,,,,,
,,,0.0002756916457845,0.0005266482724747,True,,,,,,,,,,,,
,,,,,,0.0004124769541377,0.0008771957959002,True,,,,,,,,,
,,,,,,,,,0.0035811661080951,0.0085121368682285,False,,,,,,
,,,,,,,,,,,,0.0002628839384629,0.0035414766007711,True,,,
,,,,,,,,,,,,,,,0.0009407125777348,0.0045891847518125,True
0.0002799810125334,0.0011745503978562,True,,,,,,,,,,,,,,,
,,,0.000265200162025,0.0004180030878143,True,,,,,,,,,,,,
,,,,,,0.0008782220967775,0.0012801142144068,True,,,,,,,,,
,,,,,,,,,0.0031109216747389,0.0070752244751929,False,,,,,,
,,,,,,,,,,,,0.0023684327835926,0.0031382544609754,True,,,
,,,,,,,,,,,,,,,0.0029750952102135,0.0036112538699495,True
0.0003747913957997,0.0015217476353657,True,,,,,,,,,,,,,,,
,,,0.0002530559198808,0.0003484836221684,True,,,,,,,,,,,,
,,,,,,0.0003290578726693,0.0006362160360993,True,,,,,,,,,
,,,,,,,,,0.0013489161546634,0.0054788546835599,True,,,,,,
,,,,,,,,,,,,0.0004404608807546,0.0031551238126497,True,,,
,,,,,,,,,,,,,,,0.0006202288047156,0.0036800651267983,True
0.0008078906890135,0.0013011958606291,True,,,,,,,,,,,,,,,
,,,0.0004993652330075,0.0004367309236652,True,,,,,,,,,,,,
,,,,,,0.0003363346388764,0.0006012392770182,True,,,,,,,,,
,,,,,,,,,0.0046535821215006,0.00803271520462,False,,,,,,
,,,,,,,,,,,,0.0008241813647914,0.0027252048842401,True,,,
,,,,,,,,,,,,,,,0.0008958698404073,0.0033008822199391,True
0.0008184407815029,0.0008821389882634,True,,,,,,,,,,,,,,,
,,,8.063567199422058e-05,0.0004474867601122,False,,,,,,,,,,,,
,,,,,,0.000264636970287,0.0023285999258117,True,,,,,,,,,
,,,,,,,,,0.0022119827776852,0.0055702700243013,False,,,,,,
,,,,,,,,,,,,0.0006746696346465,0.0026296216729697,False,,,
,,,,,,,,,,,,,,,0.0023309216674421,0.0038606350032838,False
0.000273832832746,0.0028774108506517,True,,,,,,,,,,,,,,,
,,,0.0006456520370076,0.0006883825641958,True,,,,,,,,,,,,
,,,,,,0.0005193947450492,0.0043482719831658,True,,,,,,,,,
,,,,,,,,,0.0024563186330963,0.0154160262316048,False,,,,,,
,,,,,,,,,,,,0.0027122366275816,0.0047230975960887,True,,,
,,,,,,,,,,,,,,,0.0013576985391117,0.0087173586440178,False
0.0004167416335379,0.0012977895995975,True,,,,,,,,,,,,,,,
,,,0.0005203190012661,0.0004233171442829,True,,,,,,,,,,,,
,,,,,,0.0009809078495132,0.0020570080412771,True,,,,,,,,,
,,,,,,,,,0.001493751729653,0.0066709180658863,False,,,,,,
,,,,,,,,,,,,0.0049814541517856,0.0029441271282379,True,,,
,,,,,,,,,,,,,,,0.0022741081758935,0.0034660830824818,True
0.0006760051792081,0.0015919162581158,True,,,,,,,,,,,,,,,
,,,0.0002932306824873,0.0005122435965258,True,,,,,,,,,,,,
,,,,,,0.0002674797771652,0.0008237626102193,True,,,,,,,,,
,,,,,,,,,0.0019481340509657,0.0069940723517779,False,,,,,,
,,,,,,,,,,,,0.0012286693613169,0.0030087001271385,True,,,
,,,,,,,,,,,,,,,0.0006524231507962,0.0041397552934903,True
0.000685518666403,0.0020469270228475,False,,,,,,,,,,,,,,,
,,,0.0006961661501694,0.0006151221098166,True,,,,,,,,,,,,
,,,,,,0.0008468117294566,0.000960596258189,True,,,,,,,,,
,,,,,,,,,0.0010870935621595,0.0067821837600831,False,,,,,,
,,,,,,,,,,,,0.0017170882566888,0.0035187565100797,False,,,
,,,,,,,,,,,,,,,0.000632880847547,0.0052027687867707,False
0.0002944579579079,0.0023935749004291,False,,,,,,,,,,,,,,,
,,,0.0005115696719025,0.0005638031057368,True,,,,,,,,,,,,
,,,,,,0.0010583369673347,0.0016842831764641,False,,,,,,,,,
,,,,,,,,,0.0049185070832388,0.0086496411612915,False,,,,,,
,,,,,,,,,,,,0.0022606226588653,0.0037560445039112,False,,,
,,,,,,,,,,,,,,,0.0011583724588206,0.0082299863077105,False
0.0003011520844462,0.0007534886908386,True,,,,,,,,,,,,,,,
,,,0.0004637951193746,0.0005027959354254,True,,,,,,,,,,,,
,,,,,,0.0004460071465548,0.0009603366512041,True,,,,,,,,,
,,,,,,,,,0.0021896829637249,0.0076862355251556,False,,,,,,
,,,,,,,,,,,,0.0017579336067338,0.0029667937645984,True,,,
,,,,,,,,,,,,,,,0.0015773398449153,0.0026628715026645,True
0.0003628264145433,0.001451554949812,True,,,,,,,,,,,,,,,
,,,0.0003310743228777,0.0006943698775246,True,,,,,,,,,,,,
,,,,,,0.0003412709511152,0.0015271697941367,True,,,,,,,,,
,,,,,,,,,0.0030468842714596,0.0063735427214431,True,,,,,,
,,,,,,,,,,,,0.0017491254379773,0.0034151817752702,True,,,
,,,,,,,,,,,,,,,0.0006378768920718,0.0041864357955303,True
9.41183300227544e-05,0.0015924131958204,True,,,,,,,,,,,,,,,
,,,0.0003563765416322,0.0005714302862504,True,,,,,,,,,,,,
,,,,,,0.0004008939447771,0.0007885535877131,True,,,,,,,,,
,,,,,,,,,0.0017862309910005,0.0086685483281366,False,,,,,,
,,,,,,,,,,,,0.0005248734365775,0.0047645912319356,True,,,
,,,,,,,,,,,,,,,0.0012533817603193,0.0054571999521553,True
0.0006264603654806,0.0010897527254844,True,,,,,,,,,,,,,,,
,,,0.0007092106833356,0.0004560843963757,True,,,,,,,,,,,,
,,,,,,0.0019783883439295,0.0012520014888412,True,,,,,,,,,
,,,,,,,,,0.003064769890297,0.0068067065909565,False,,,,,,
,,,,,,,,,,,,0.0018820429166429,0.0027322259035137,True,,,
,,,,,,,,,,,,,,,0.0021526668091667,0.0029972520837844,False
0.0008853436234655,0.0020202705144421,True,,,,,,,,,,,,,,,
,,,0.0004340952028066,0.000425210283777,True,,,,,,,,,,,,
,,,,,,0.001102560211929,0.001180682191107,True,,,,,,,,,
,,,,,,,,,0.0020558176380653,0.0065320472800058,False,,,,,,
,,,,,,,,,,,,0.0017418287081396,0.0035159873035766,True,,,
,,,,,,,,,,,,,,,0.0025772521835458,0.0063362250105286,False
0.0007561807041751,0.0009929250216003,True,,,,,,,,,,,,,,,
,,,0.0003677053894282,0.0004330777350038,True,,,,,,,,,,,,
,,,,,,0.0012149919122375,0.0016069634573858,True,,,,,,,,,
,,,,,,,,,0.003094965665987,0.007521471341913,False,,,,,,
,,,,,,,,,,,,0.0026229647989963,0.0033611055054492,True,,,
,,,,,,,,,,,,,,,0.0035771537879289,0.0024542476089803,False
0.0008867750156497,0.0011054824168453,True,,,,,,,,,,,,,,,
,,,0.0005738515570659,0.0006562396459824,True,,,,,,,,,,,,
,,,,,,0.0015252630289088,0.0016131263930881,True,,,,,,,,,
,,,,,,,,,0.0044492569671549,0.0070568575525636,False,,,,,,
,,,,,,,,,,,,0.0016017487169159,0.0027278172590071,True,,,
,,,,,,,,,,,,,,,0.0015330718956965,0.0022808818534668,False
0.0010623696729742,0.0011955291512897,True,,,,,,,,,,,,,,,
,,,0.0003281130241935,0.0004614433806065,True,,,,,,,,,,,,
,,,,,,0.0011963852795374,0.0014127801511416,True,,,,,,,,,
,,,,,,,,,0.0014968259825349,0.0040800884354635,False,,,,,,
,,,,,,,,,,,,0.0014330915458139,0.0029649833139573,True,,,
,,,,,,,,,,,,,,,0.001067670411619,0.0028845510389375,True
0.0011288763483001,0.0014968025853228,True,,,,,,,,,,,,,,,
,,,0.0015456325981717,0.0005015891241281,True,,,,,,,,,,,,
,,,,,,0.0021816755731068,0.0031531649246245,True,,,,,,,,,
,,,,,,,,,0.0067021033005124,0.0093960644812841,False,,,,,,
,,,,,,,,,,,,0.0011295438468139,0.0030114357998438,True,,,
,,,,,,,,,,,,,,,0.0023090284814222,0.0043747447981195,True
0.0010816983545345,0.0009961144643285,True,,,,,,,,,,,,,,,
,,,0.0004361479256784,0.0004262510411391,True,,,,,,,,,,,,
,,,,,,0.0008510805424949,0.0020939925552703,True,,,,,,,,,
,,,,,,,,,0.0045331842585252,0.0075109065499802,False,,,,,,
,,,,,,,,,,,,0.002008961030199,0.0029042627109802,True,,,
,,,,,,,,,,,,,,,0.003354101399013,0.0023645642351962,True
0.0005821787188968,0.0019871634074335,True,,,,,,,,,,,,,,,
,,,5.014247677384668e-05,0.0004448896051708,True,,,,,,,,,,,,
,,,,,,0.0003661733714303,0.0014393097868755,True,,,,,,,,,
,,,,,,,,,0.0008552411753632,0.0109946227464248,False,,,,,,
,,,,,,,,,,,,0.0018179347406782,0.0042504683607145,True,,,
,,,,,,,,,,,,,,,0.0005301772368471,0.0050707791260033,True
0.0007123779388661,0.0013056959453804,True,,,,,,,,,,,,,,,
,,,0.0002523002071816,0.0002129893581761,False,,,,,,,,,,,,
,,,,,,0.0007347850763474,0.0012954537975719,False,,,,,,,,,
,,,,,,,,,0.0032022018001062,0.0055425670628237,False,,,,,,
,,,,,,,,,,,,0.0007594889108612,0.0024017709974013,False,,,
,,,,,,,,,,,,,,,0.0014947688069284,0.0029666489067372,True
0.0006742565819658,0.0004872287804885,True,,,,,,,,,,,,,,,
,,,0.0002579241364139,3.876641863368879e-05,True,,,,,,,,,,,,
,,,,,,0.000690314333778,0.0008754814909393,True,,,,,,,,,
,,,,,,,,,0.0014252527159286,0.0052829420768849,False,,,,,,
,,,,,,,,,,,,0.0019667633387201,0.0034757191866326,True,,,
,,,,,,,,,,,,,,,0.0007128567884381,0.0020711525665814,True
0.0010383517717492,0.0014027815434627,True,,,,,,,,,,,,,,,
,,,0.0002644426384848,0.0004912954169977,True,,,,,,,,,,,,
,,,,,,0.0004629894521475,0.0011482295071335,True,,,,,,,,,
,,,,,,,,,0.0072643319777837,0.0068977221120595,False,,,,,,
,,,,,,,,,,,,0.000818529848658,0.0027174047210195,True,,,
,,,,,,,,,,,,,,,0.0038289584987738,0.004434876819553,True
0.0005485577940547,0.0013018901424438,True,,,,,,,,,,,,,,,
,,,0.000895661300974,0.0006991706970515,False,,,,,,,,,,,,
,,,,,,0.0008145409501808,0.0007127610146875,True,,,,,,,,,
,,,,,,,,,0.003046490545762,0.0062924544550076,False,,,,,,
,,,,,,,,,,,,0.0025273292137493,0.0038285080501794,False,,,
,,,,,,,,,,,,,,,0.0014755480614383,0.0037593635095457,False
0.0016150023444087,0.0010981494022921,False,,,,,,,,,,,,,,,
,,,0.0006943761656436,0.0005612458607031,True,,,,,,,,,,,,
,,,,,,0.0017642374189959,0.001598130876477,False,,,,,,,,,
,,,,,,,,,0.0020821808632407,0.007136992164711,False,,,,,,
,,,,,,,,,,,,0.0038579022293152,0.0027242469992075,True,,,
,,,,,,,,,,,,,,,0.0041466720679969,0.004134570274289,False
0.0013897979003042,0.0020941455280404,False,,,,,,,,,,,,,,,
,,,0.0003833263244486,0.0004898365578495,True,,,,,,,,,,,,
,,,,,,0.0010361306192087,0.0012630588827365,True,,,,,,,,,
,,,,,,,,,0.0023967418104819,0.007057910439458,False,,,,,,
,,,,,,,,,,,,0.0008535344102851,0.0031580749584356,True,,,
,,,,,,,,,,,,,,,0.001709447215845,0.0047841879811792,False
0.0008232208113138,0.0016773152530801,True,,,,,,,,,,,,,,,
,,,0.0006443828321631,0.0006069275486649,True,,,,,,,,,,,,
,,,,,,0.000551940399935,0.0021431964940102,True,,,,,,,,,
,,,,,,,,,0.0052066668924224,0.0108276746156824,False,,,,,,
,,,,,,,,,,,,0.0018488884965686,0.0033689863164702,True,,,
,,,,,,,,,,,,,,,0.0022451889749844,0.0059585537521353,False
0.0010404351577708,0.0012271728594289,False,,,,,,,,,,,,,,,
,,,0.000620215999748,0.0003571492914982,True,,,,,,,,,,,,
,,,,,,0.000734338521452,0.0013981727173919,True,,,,,,,,,
,,,,,,,,,0.0020215747511489,0.0053274556363862,False,,,,,,
,,,,,,,,,,,,0.0036498832572537,0.0026384221350337,True,,,
,,,,,,,,,,,,,,,0.0018458499910499,0.0034591378977838,False
0.0006169331433332,0.0011858817100047,True,,,,,,,,,,,,,,,
,,,0.0006594823835092,0.0004465803572724,True,,,,,,,,,,,,
,,,,,,0.0008190672834235,0.0015675248578477,True,,,,,,,,,
,,,,,,,,,0.0045678664631505,0.0082581673685743,False,,,,,,
,,,,,,,,,,,,0.0014044882846141,0.0026608500791809,True,,,
,,,,,,,,,,,,,,,0.0009470630521623,0.0040499832574351,True
0.0002001488859085,0.0016115477690394,True,,,,,,,,,,,,,,,
,,,0.0003087079667477,0.0007267436318093,True,,,,,,,,,,,,
,,,,,,0.0011559180472861,0.0020887236079496,True,,,,,,,,,
,,,,,,,,,0.0042095520971341,0.0134203156848838,False,,,,,,
,,,,,,,,,,,,0.001722901234642,0.0047205830698265,True,,,
,,,,,,,,,,,,,,,0.0029714710972467,0.0061625202417024,True
0.0005636556168091,0.001906588136047,False,,,,,,,,,,,,,,,
,,,0.0002644539129604,0.000473819023871,True,,,,,,,,,,,,
,,,,,,0.0005886506679477,0.0005899299901359,True,,,,,,,,,
,,,,,,,,,0.0029438460357647,0.0056943844114958,True,,,,,,
,,,,,,,,,,,,0.0018783560276095,0.0033736464588875,True,,,
,,,,,,,,,,,,,,,0.0026341263535694,0.005547307508961,False
0.0004806870808878,0.0015865039610597,True,,,,,,,,,,,,,,,
,,,0.0005167964351615,0.0004526312269264,True,,,,,,,,,,,,
,,,,,,0.0003387175251515,0.0024500773411578,True,,,,,,,,,
,,,,,,,,,0.0040438925665384,0.0089575583076778,False,,,,,,
,,,,,,,,,,,,0.0010115738961829,0.0027088186286375,True,,,
,,,,,,,,,,,,,,,0.0011347393557663,0.0042761387783885,True
0.0011066653809588,0.0015435370920248,False,,,,,,,,,,,,,,,
,,,0.0002770340949086,0.000531484017366,True,,,,,,,,,,,,
,,,,,,0.0017918205779258,0.0018530517536822,False,,,,,,,,,
,,,,,,,,,0.0038446983586957,0.0080628755621726,False,,,,,,
,,,,,,,,,,,,0.0014563228937029,0.0031932139385666,False,,,
,,,,,,,,,,,,,,,0.0005533053804209,0.0039615772341033,False
0.0008108960027066,0.0012953681091727,True,,,,,,,,,,,,,,,
,,,0.0006040900589984,0.0004791007156477,True,,,,,,,,,,,,
,,,,,,0.0008666134449603,0.000952693432683,True,,,,,,,,,
,,,,,,,,,0.0041656966542376,0.005502837273843,True,,,,,,
,,,,,,,,,,,,0.0016300605763672,0.0028103568987817,True,,,
,,,,,,,,,,,,,,,0.0026240777543852,0.0033640433196807,True
0.0007352013755193,0.0009208558136475,True,,,,,,,,,,,,,,,
,,,0.0007516764539781,0.0004964659352211,True,,,,,,,,,,,,
,,,,,,0.0002817347579907,0.0008280316329627,True,,,,,,,,,
,,,,,,,,,0.0024735600273649,0.0070681020482789,False,,,,,,
,,,,,,,,,,,,0.000691375145935,0.0030229084558634,True,,,
,,,,,,,,,,,,,,,0.0004301798010631,0.0023107313239843,True
0.0008790342434275,0.0014087747661107,True,,,,,,,,,,,,,,,
,,,0.0008064735107756,0.0006028205453705,True,,,,,,,,,,,,
,,,,,,0.0021253547071842,0.0023028027046287,False,,,,,,,,,
,,,,,,,,,0.0023349675084291,0.0064328524380369,False,,,,,,
,,,,,,,,,,,,0.0022292243314236,0.0028850851434552,True,,,
,,,,,,,,,,,,,,,0.0012257353886597,0.0035400665679582,False
0.0007963255915553,0.0014050921534218,True,,,,,,,,,,,,,,,
,,,0.0004936604301274,0.0004311202754616,True,,,,,,,,,,,,
,,,,,,0.0008489910441229,0.0015032409049555,True,,,,,,,,,
,,,,,,,,,0.0016272615042546,0.0055217161540431,False,,,,,,
,,,,,,,,,,,,0.0016041193949426,0.0028292509532869,True,,,
,,,,,,,,,,,,,,,0.0021300814806153,0.0051568392698555,False
0.0010650313552208,0.0022500781644695,True,,,,,,,,,,,,,,,
,,,0.0003426076909103,0.0009111775112876,True,,,,,,,,,,,,
,,,,,,0.0006736843487082,0.0011234671620484,True,,,,,,,,,
,,,,,,,,,0.0041066873851868,0.0125066599038611,False,,,,,,
,,,,,,,,,,,,0.0006915195090991,0.0052029931033592,True,,,
,,,,,,,,,,,,,,,0.0018363207410912,0.0065488072139518,False
0.0013162398282178,0.0007888089182938,True,,,,,,,,,,,,,,,
,,,0.0003009697626579,0.0002585403861759,True,,,,,,,,,,,,
,,,,,,0.0046490565347798,0.0022917384444172,True,,,,,,,,,
,,,,,,,,,0.0047480588080536,0.0060221883946988,True,,,,,,
,,,,,,,,,,,,0.001928859506405,0.0028941209338551,True,,,
,,,,,,,,,,,,,,,0.0028006633815562,0.0027970198429649,True
0.0004385333569064,0.0013844333750728,True,,,,,,,,,,,,,,,
,,,0.0001301623039543,0.0007518310314321,True,,,,,,,,,,,,
,,,,,,5.2249461967248425e-05,0.0010900721458296,True,,,,,,,,,
,,,,,,,,,0.0009605488459757,0.0092644799394167,False,,,,,,
,,,,,,,,,,,,0.0017214612505407,0.0052804304513011,True,,,
,,,,,,,,,,,,,,,0.0002384098788377,0.0050013119264988,True
0.0007532394696991,0.000951398730112,True,,,,,,,,,,,,,,,
,,,0.0011725262239118,0.0004460935815695,True,,,,,,,,,,,,
,,,,,,0.0003590798029501,0.0007031800972733,True,,,,,,,,,
,,,,,,,,,0.0039387699630518,0.0047289503081673,False,,,,,,
,,,,,,,,,,,,0.0011144439464104,0.0020795056171115,True,,,
,,,,,,,,,,,,,,,0.0018696391504739,0.0027014540037094,True
0.0006861954989667,0.0006393650507164,True,,,,,,,,,,,,,,,
,,,0.0002429424380911,0.0002825070336298,True,,,,,,,,,,,,
,,,,,,0.0006006409181948,0.0003099051234654,True,,,,,,,,,
,,,,,,,,,0.003742047353364,0.0047086617705302,False,,,,,,
,,,,,,,,,,,,0.0023209777913044,0.002387577918735,True,,,
,,,,,,,,,,,,,,,0.0013161721441719,0.0022000257411405,True
0.0003201593705602,0.0009528862289311,True,,,,,,,,,,,,,,,
,,,0.0007174661190561,0.0004816084745619,True,,,,,,,,,,,,
,,,,,,0.002677357461836,0.0023988345756028,True,,,,,,,,,
,,,,,,,,,0.0068298743961868,0.0067365136056705,False,,,,,,
,,,,,,,,,,,,0.0009171071376949,0.0022944616413669,True,,,
,,,,,,,,,,,,,,,0.001172152347883,0.0021097047000143,True
0.000544610177966,0.0013874382466997,True,,,,,,,,,,,,,,,
,,,0.000631645634662,0.0004818903060554,True,,,,,,,,,,,,
,,,,,,0.0010007943629845,0.0031566665258362,True,,,,,,,,,
,,,,,,,,,0.0055703223752122,0.0087757799854871,False,,,,,,
,,,,,,,,,,,,0.0030190943653932,0.0031329270605054,True,,,
,,,,,,,,,,,,,,,0.0015203826487563,0.00502257759043,True
0.0030770255399505,0.0025213789341793,True,,,,,,,,,,,,,,,
,,,0.0002754374254041,0.0008919863055308,True,,,,,,,,,,,,
,,,,,,0.0010652628069671,0.0015902732759954,True,,,,,,,,,
,,,,,,,,,0.0067233442699985,0.0137816432662982,False,,,,,,
,,,,,,,,,,,,0.0023739054909351,0.0045468713039768,True,,,
,,,,,,,,,,,,,,,0.0017632715713168,0.0070990508738187,False
0.0012290488755696,0.0012949673680183,True,,,,,,,,,,,,,,,
,,,0.0007500968419023,0.0005289630034362,True,,,,,,,,,,,,
,,,,,,0.0003305143462685,0.001474143425944,True,,,,,,,,,
,,,,,,,,,0.0029413826701078,0.0062030100816642,False,,,,,,
,,,,,,,,,,,,0.0012154300342578,0.0032100006588818,True,,,
,,,,,,,,,,,,,,,0.0009567881599287,0.0042110555664618,True
0.0004217556892037,0.0012023416872848,True,,,,,,,,,,,,,,,
,,,0.0004082870380943,0.0003962150804271,True,,,,,,,,,,,,
,,,,,,0.0017831611146715,0.0047128701527346,False,,,,,,,,,
,,,,,,,,,0.0035120680396397,0.0098440800168294,False,,,,,,
,,,,,,,,,,,,0.0016956047927011,0.0030595929511357,True,,,
,,,,,,,,,,,,,,,0.0004768928425707,0.0037913452854973,False
0.0005791516335903,0.00070768001208,True,,,,,,,,,,,,,,,
,,,0.0004564777547354,0.0002698194271656,True,,,,,,,,,,,,
,,,,,,0.0003257348605394,0.0013972122318913,False,,,,,,,,,
,,,,,,,,,0.0010591876500623,0.0041084822203387,True,,,,,,
,,,,,,,,,,,,0.0010319839122925,0.0028348560385018,False,,,
,,,,,,,,,,,,,,,0.0013268021932665,0.003059249026551,False
0.0004319736859925,0.0014648632361955,True,,,,,,,,,,,,,,,
,,,0.0003174861453189,0.000417943093349,True,,,,,,,,,,,,
,,,,,,0.0005585214973481,0.000864678112203,True,,,,,,,,,
,,,,,,,,,0.0037145737401591,0.0066537707610777,False,,,,,,
,,,,,,,,,,,,0.0020120460804046,0.003038788662595,True,,,
,,,,,,,,,,,,,,,0.0008544222492613,0.0034893962036324,False
0.0001656681681434,0.0008834499060953,True,,,,,,,,,,,,,,,
,,,0.0002125232958252,0.0006770732807894,True,,,,,,,,,,,,
,,,,,,0.0004682647625295,0.0006768917424341,True,,,,,,,,,
,,,,,,,,,0.0054598840578983,0.0069879061507472,False,,,,,,
,,,,,,,,,,,,0.0019129014790684,0.0027070848425084,True,,,
,,,,,,,,,,,,,,,0.0001331640023973,0.0017632719972653,True
0.000418264924665,0.0015031789455036,False,,,,,,,,,,,,,,,
,,,0.0003043866014357,0.0007831288436922,True,,,,,,,,,,,,
,,,,,,0.0012485632839472,0.0022280978011205,False,,,,,,,,,
,,,,,,,,,0.0046686472412578,0.0112779944436379,False,,,,,,
,,,,,,,,,,,,0.0002978935891728,0.0038672187517751,False,,,
,,,,,,,,,,,,,,,0.0015042441307086,0.004060051867817,False
0.0008781161454751,0.0014833168301221,True,,,,,,,,,,,,,,,
,,,0.0003239242369963,0.0005744550298285,True,,,,,,,,,,,,
,,,,,,0.0010155678807305,0.0016177835684394,True,,,,,,,,,
,,,,,,,,,0.0062988250446388,0.0080868263994144,False,,,,,,
,,,,,,,,,,,,0.0024758994033374,0.0035537165427883,False,,,
,,,,,,,,,,,,,,,0.0017019930960781,0.0032271464713919,True
0.0002229364820204,0.001487011628076,True,,,,,,,,,,,,,,,
,,,0.0005239231928928,0.0011352167354602,True,,,,,,,,,,,,
,,,,,,0.0007645176217058,0.0016168294217605,True,,,,,,,,,
,,,,,,,,,0.0048315589200433,0.0090336718912557,False,,,,,,
,,,,,,,,,,,,0.0023883170433938,0.0040873252497836,True,,,
,,,,,,,,,,,,,,,0.0005544022742657,0.0034219919013551,True
0.0004952651185521,0.0016439048857407,True,,,,,,,,,,,,,,,
,,,0.0005261648663338,0.0005692985658778,True,,,,,,,,,,,,
,,,,,,0.0006190441750948,0.0012766902043868,True,,,,,,,,,
,,,,,,,,,0.0018687295087839,0.0060512882766159,True,,,,,,
,,,,,,,,,,,,0.0004822407829779,0.0034747540694391,True,,,
,,,,,,,,,,,,,,,0.000369425361503,0.0051613894959666,True
0.0015046351222386,0.0014308082500435,True,,,,,,,,,,,,,,,
,,,0.0001802445196779,0.0004873497299411,True,,,,,,,,,,,,
,,,,,,0.0001912881751824,0.0009865488223236,True,,,,,,,,,
,,,,,,,,,0.003426945137068,0.0059260068690262,False,,,,,,
,,,,,,,,,,,,0.0013693040031115,0.003287875611384,True,,,
,,,,,,,,,,,,,,,0.0034569933928182885,0.0052891001143876145,False
